1	Les Lumières Tangier | Trilingual Private School since 2004	مدارس الأنوار طنجة | مدرسة خصوصية بثلاث لغات منذ 2004
2	%s | Groupe Scolaire Les Lumières	%s | مجموعة مدارس الأنوار
3	Trilingual private school in Tangier since 2004: preschool, primary, middle and high school. Cambridge English, Singapore Maths. Admissions 2026-2027.	مدرسة خصوصية بثلاث لغات في طنجة منذ 2004: التعليم الأولي والابتدائي والإعدادي والثانوي. الإنجليزية مع كامبريدج ورياضيات سنغافورة. التسجيل 2026-2027.
4	Trilingual private school in Tangier since 2004. Preschool, primary, middle and high school. Cambridge English. Singapore Maths. Admissions open for 2026–2027.	مدرسة خصوصية بثلاث لغات بطنجة منذ 2004. التعليم الأولي والابتدائي والإعدادي والثانوي. الإنجليزية مع كامبريدج ورياضيات سنغافورة. التسجيل مفتوح 2026–2027.
5	Groupe Scolaire Les Lumières | Trilingual Private School in Tangier	مجموعة مدارس الأنوار | مدرسة خصوصية بثلاث لغات بطنجة
6	Trilingual private school in Tangier since 2004. From preschool to high school.	مدرسة خصوصية بثلاث لغات بطنجة منذ 2004، من التعليم الأولي إلى الثانوي.
7	Tangier	طنجة
8	Skip to content	الانتقال إلى المحتوى
9	Groupe Scolaire Les Lumières	مجموعة مدارس الأنوار
10	Les Lumières	الأنوار
11	Trilingual private school in Tangier since 2004 — from preschool to high school.	مدرسة خصوصية بثلاث لغات بطنجة منذ 2004 — من التعليم الأولي إلى الثانوي.
12	Home	الرئيسية
13	School levels	المستويات الدراسية
14	Contact	اتصل بنا
15	Sorry, this page could not be found	عذراً، لم نعثر على هذه الصفحة
16	The page you are looking for does not exist or has moved. Use these links to find your way.	الصفحة التي تبحث عنها غير موجودة أو تم نقلها. يمكنك استخدام هذه الروابط للوصول إلى ما تحتاجه.
17	Back to home	العودة إلى الرئيسية
18	noopener noreferrer	noopener noreferrer
19	WhatsApp	واتساب
20	Trilingual Private School in Tangier — From Preschool to High School	مدرسة خصوصية بثلاث لغات بطنجة — من التعليم الأولي إلى الثانوي
21	Groupe Scolaire Les Lumières, a trilingual private school in Tangier since 2004.	مجموعة مدارس الأنوار، مدرسة خصوصية بثلاث لغات بطنجة منذ 2004.
22	Extracurricular Activities | Les Lumières Tangier	الأنشطة الموازية | الأنوار طنجة
23	Extracurricular activities at Les Lumières Tangier: theatre, choir, visual arts, sport and school trips. Supporting every pupil's development.	أنشطة موازية متنوعة بمدارس الأنوار طنجة: المسرح والجوقة والفنون والرياضة والرحلات، لتنمية قدرات كل متعلم.
24	Tangier extracurricular activities	أنشطة موازية طنجة
25	school theatre choir Tangier	المسرح والجوقة المدرسية طنجة
26	school trips Tangier	رحلات مدرسية طنجة
27	School trips	رحلات مدرسية
28	Three trips a year: regional, national and international, to explore, learn and create memories.	ثلاث رحلات سنوياً: جهوية ووطنية ودولية، للاكتشاف والتعلم وصنع الذكريات.
29	Celebrations that bring pupils, parents and teachers together in a joyful atmosphere.	احتفالات تجمع المتعلمين والأسر والأساتذة في أجواء من الفرح والتواصل.
30	Spring celebration	حفل الربيع
31	Performances, dance and creative projects celebrating our pupils' talents.	عروض ورقصات وإبداعات فنية للاحتفاء بمواهب متعلمينا.
32	An annual race encouraging sportsmanship and personal achievement.	سباق سنوي يعزز الروح الرياضية وتحدي الذات.
33	Ramadan Mathematics Olympiad	أولمبياد رمضان للرياضيات
34	An engaging competition celebrating logical thinking and excellence in mathematics.	مسابقة محفزة تعزز التفكير المنطقي والتميز في الرياضيات.
35	Excellence Scholarship	منحة التميز
36	An award to encourage and celebrate outstanding pupils.	مكافأة لتشجيع المتعلمين المتفوقين والاحتفاء بإنجازاتهم.
37	Extracurricular Activities — Growing Beyond the Classroom	الأنشطة الموازية — تنمية القدرات خارج الفصل
38	At Les Lumières, learning continues beyond the classroom. Theatre, music, sport, art and travel: every talent has a place.	في الأنوار، يستمر التعلم خارج الفصل. المسرح والموسيقى والرياضة والفنون والرحلات: لكل موهبة مكانها.
39	Pupils performing on stage at Groupe Scolaire Les Lumières in Tangier	متعلمات ومتعلمون يقدمون عرضاً مسرحياً بمدارس الأنوار بطنجة
40	School life	الحياة المدرسية
41	Extracurricular activities	الأنشطة الموازية
42	Our workshops	ورشاتنا
43	Activities for every talent	أنشطة تناسب جميع المواهب
44	Les Lumières pupils on a school trip to Chefchaouen	متعلمو مدارس الأنوار في رحلة مدرسية إلى شفشاون
45	A year full of events	سنة حافلة بالأنشطة
46	Throughout the year, Groupe Scolaire Les Lumières organises events that bring the school community together and strengthen pupils' sense of belonging.	تنظم مجموعة مدارس الأنوار على مدار السنة محطات مميزة تجمع المجتمع المدرسي وتعزز شعور المتعلمين بالانتماء.
47	Give your child a rich and fulfilling school experience	امنح طفلك حياة مدرسية غنية وممتعة
48	News and Events | Les Lumières Tangier	الأخبار والفعاليات | الأنوار طنجة
49	Follow the latest news from Groupe Scolaire Les Lumières in Tangier: school events, achievements, trips, educational projects and updates.	تابع أخبار مجموعة مدارس الأنوار بطنجة: الفعاليات والنتائج والرحلات والمشاريع التربوية والمستجدات.
50	Tangier school news	أخبار المدارس بطنجة
51	Les Lumières events	فعاليات مدارس الأنوار
52	2026–2027 admissions open — Limited places	التسجيل مفتوح 2026–2027 — المقاعد محدودة
53	Admissions for the 2026–2027 school year are open at Groupe Scolaire Les Lumières. Places are limited, so we encourage families to contact us early.	التسجيل مفتوح للموسم الدراسي 2026–2027 بمجموعة مدارس الأنوار. المقاعد محدودة، وندعو الأسر إلى التواصل معنا مبكراً.
54	Pupil Malak Allouh represents Les Lumières with distinction	المتعلمة ملاك علوه تمثل الأنوار بتميز
55	We are proud of our pupil Malak Allouh, who represented the school with distinction in a regional competition. Her achievement reflects our pupils' commitment and talent.	نفتخر بمتعلمتنا ملاك علوه التي مثلت المدرسة بتميز في مسابقة جهوية، وهو إنجاز يعكس التزام متعلمينا ومواهبهم.
56	Excellence scholarships for outstanding pupils	منح التميز للمتعلمين المتفوقين
57	Each year, Groupe Scolaire Les Lumières recognises outstanding pupils through an Excellence Scholarship, encouraging effort, dedication and achievement.	تكافئ مجموعة مدارس الأنوار سنوياً المتعلمين المتفوقين بمنحة التميز، تشجيعاً للمجهود والانضباط والنجاح.
58	Ramadan Mathematics Olympiad — Results	أولمبياد رمضان للرياضيات — النتائج
59	This year's Ramadan Mathematics Olympiad was a great success. Congratulations to all participants for their logical thinking, perseverance and competitive spirit.	عرف أولمبياد رمضان للرياضيات نجاحاً كبيراً هذا العام. نهنئ جميع المشاركين على تفكيرهم المنطقي ومثابرتهم وروحهم التنافسية.
60	School trip to Chefchaouen — Unforgettable memories	رحلة مدرسية إلى شفشاون — ذكريات لا تنسى
61	Our pupils enjoyed a memorable day in Chefchaouen, the blue pearl of the Rif. A trip filled with discovery, friendship and wonder.	عاش متعلمونا يوماً مميزاً في شفشاون، لؤلؤة الريف الزرقاء، في رحلة حافلة بالاكتشاف والتواصل والإعجاب.
62	News and Events	الأخبار والفعاليات
63	Life at Groupe Scolaire Les Lumières: events, achievements, projects and updates.	الحياة بمجموعة مدارس الأنوار: فعاليات ونجاحات ومشاريع ومستجدات.
64	Events and news from Groupe Scolaire Les Lumières in Tangier	فعاليات وأخبار مجموعة مدارس الأنوار بطنجة
65	News	الأخبار
66	Featured	في الواجهة
67	Learn more	معرفة المزيد
68	Play the school activities video	تشغيل فيديو الأنشطة المدرسية
69	Video stories	قصص بالفيديو
70	School activities in pictures	الأنشطة المدرسية بالصور
71	A video glimpse of everyday life at Les Lumières: discipline, energy, cooperation and shared experiences at school.	لمحة بالفيديو عن الحياة اليومية بالأنوار: الانضباط والحيوية والتعاون ولحظات المشاركة داخل المؤسسة.
72	See more videos	مشاهدة المزيد من الفيديوهات
73	School Meals and Canteen | Les Lumières Tangier	المطعم المدرسي | الأنوار طنجة
74	School meal service at Groupe Scolaire Les Lumières Tangier. Balanced meals, supervision at lunchtime and strict hygiene standards.	خدمة المطعم بمجموعة مدارس الأنوار طنجة: وجبات متوازنة وتأطير أثناء الأكل وشروط نظافة صارمة.
75	Tangier school canteen	مطعم مدرسي طنجة
76	Tangier school meals	تغذية مدرسية طنجة
77	balanced school meals Tangier	وجبات مدرسية متوازنة طنجة
78	Balanced meals	وجبات متوازنة
79	Varied menus adapted to children's nutritional needs.	قوائم متنوعة تلائم الاحتياجات الغذائية للأطفال.
80	Strict hygiene	نظافة صارمة
81	Rigorous hygiene standards in the kitchen and dining area.	احترام دقيق لشروط النظافة في المطبخ وقاعة الأكل.
82	Supervised mealtimes	تأطير أثناء الوجبات
83	Our team ensures a calm, well-organised lunchtime.	يسهر فريقنا على مرور الوجبات في أجواء هادئة ومنظمة.
84	On-site service	خدمة داخل المؤسسة
85	Meals served within the school, with no travel needed.	تقديم الوجبات داخل المؤسسة دون الحاجة إلى التنقل.
86	School Meals and Canteen	التغذية والمطعم المدرسي
87	Healthy, balanced meals served on site in a supervised, welcoming environment.	وجبات صحية ومتوازنة تقدم داخل المؤسسة في أجواء مؤطرة وودية.
88	Canteen at Groupe Scolaire Les Lumières in Tangier	المطعم المدرسي لمجموعة مدارس الأنوار بطنجة
89	School services	الخدمات المدرسية
90	Canteen	المطعم المدرسي
91	Eat well, learn well	غذاء متوازن لتعلم أفضل
92	A canteen supporting your child's health	مطعم في خدمة صحة طفلك
93	Groupe Scolaire Les Lumières offers on-site school meals designed to be balanced and enjoyable. Healthy food supports children's concentration, energy and well-being throughout the day.	توفر مجموعة مدارس الأنوار خدمة مطعم داخل المؤسسة تقدم وجبات متوازنة وشهية. فالتغذية الصحية ضرورية للتركيز والطاقة وراحة الطفل طوال اليوم.
94	Meals are prepared and served under strict hygiene standards. At lunchtime, our team supervises pupils, organises the service and supports younger children in a calm, friendly atmosphere.	تحضر الوجبات وتقدم وفق شروط نظافة صارمة. ويشرف فريقنا أثناء الغداء على المتعلمين وينظم الخدمة ويرافق الصغار في أجواء هادئة وودية.
95	Balanced meal served at the Les Lumières canteen in Tangier	وجبة متوازنة تقدم بمطعم الأنوار بطنجة
96	Our commitments	التزاماتنا
97	School meals you can trust	تغذية مدرسية موثوقة
98	Questions about the canteen?	هل لديك أسئلة حول المطعم؟
99	Contact us for information about menus and arrangements.	تواصل معنا لمعرفة القوائم الغذائية وشروط الاستفادة.
100	private middle school Tangier	إعدادية خصوصية طنجة
101	international middle school Tangier	إعدادية دولية طنجة
102	Cambridge English Tangier	كامبريدج للإنجليزية طنجة
103	Contact Groupe Scolaire Les Lumières — Tangier	اتصل بمجموعة مدارس الأنوار — طنجة
104	Contact Groupe Scolaire Les Lumières in Tangier. Address: Val Fleuri. Phone: 0539 93 90 95. WhatsApp and online enquiry form available.	تواصل مع مجموعة مدارس الأنوار بطنجة. العنوان: فال فلوري. الهاتف: 0539 93 90 95. واتساب واستمارة تواصل متاحان.
105	contact school Tangier	التواصل مع مدرسة بطنجة
106	Les Lumières school address	عنوان مدارس الأنوار
107	private school phone Tangier	هاتف مدرسة خصوصية بطنجة
108	A question, a visit or an admission enquiry? Our team is here to help.	سؤال أو زيارة أو طلب تسجيل؟ فريقنا رهن إشارتك.
109	Entrance to Groupe Scolaire Les Lumières in Val Fleuri, Tangier	مدخل مجموعة مدارس الأنوار بفال فلوري، طنجة
110	Phone	الهاتف
111	Quick response	رد سريع
112	Email	البريد الإلكتروني
113	Find us	موقعنا
114	School hours	التوقيت المدرسي
115	For visits, admissions and administrative enquiries, contact us by phone or WhatsApp.	للزيارات والتسجيل والمعلومات الإدارية، تواصل معنا هاتفياً أو عبر واتساب.
116	Write to us	راسلنا
117	Contact form	استمارة التواصل
118	Frequently Asked Questions (FAQ) | Les Lumières Tangier	الأسئلة الشائعة | مدارس الأنوار طنجة
119	Answers to common questions about Les Lumières Tangier: admissions, fees, transport, programmes, languages, Cambridge and activities.	أجوبة عن الأسئلة الشائعة حول الأنوار طنجة: التسجيل والرسوم والنقل والبرامج واللغات وكامبريدج والأنشطة.
120	Tangier school FAQ	أسئلة شائعة عن مدارس طنجة
121	private school admissions Tangier	التسجيل بمدرسة خصوصية طنجة
122	Les Lumières school questions	أسئلة حول مدارس الأنوار
123	Frequently Asked Questions — All About Les Lumières	الأسئلة الشائعة — كل ما تحتاج معرفته عن الأنوار
124	Answers to the questions parents most often ask about our private school in Tangier.	أجوبة عن أكثر أسئلة الأسر شيوعاً حول مدرستنا الخصوصية بطنجة.
125	Corridors and spaces at Groupe Scolaire Les Lumières in Tangier	ممرات وفضاءات مجموعة مدارس الأنوار بطنجة
126	FAQ	الأسئلة الشائعة
127	Have more questions?	هل لديك أسئلة أخرى؟
128	Our team responds promptly by phone or WhatsApp.	يجيب فريقنا سريعاً عبر الهاتف أو واتساب.
129	Photo and Video Gallery | Les Lumières Tangier	معرض الصور والفيديو | الأنوار طنجة
130	Discover school life at Les Lumières in Tangier through classroom photos, activities, events, campus videos and school trips.	اكتشف الحياة المدرسية بالأنوار بطنجة عبر صور الفصول والأنشطة والفعاليات وفيديوهات المؤسسة والرحلات.
131	Tangier school gallery	معرض مدرسة طنجة
132	Les Lumières school photos	صور مدارس الأنوار
133	Tangier school life	الحياة المدرسية طنجة
134	Preschool spaces	فضاءات التعليم الأولي
135	A practical look at the spaces designed for our youngest pupils.	نظرة عن قرب على الفضاءات المخصصة لأصغر متعلمينا.
136	School sport	الرياضة المدرسية
137	Physical activity is an important part of everyday school life.	للنشاط البدني مكانة مهمة في الحياة المدرسية اليومية.
138	Cambridge	كامبريدج
139	Our international outlook in pictures.	انفتاحنا الدولي بالصور.
140	A view of the neighbourhood and the school's surroundings.	إطلالة على الحي ومحيط المؤسسة.
141	Photo and Video Gallery — Life at Les Lumières	معرض الصور والفيديو — الحياة بالأنوار
142	Explore everyday life at our school: learning, creativity, sport and shared moments.	اكتشف الحياة اليومية بمدرستنا: التعلم والإبداع والرياضة ولحظات المشاركة.
143	School life at Groupe Scolaire Les Lumières in Tangier	الحياة المدرسية بمجموعة مدارس الأنوار بطنجة
144	In video	بالفيديو
145	Real glimpses of the campus and school life	لمحات حقيقية عن المؤسسة والحياة المدرسية
146	Videos play automatically without sound when they enter the screen, keeping browsing smooth.	تشتغل الفيديوهات تلقائياً دون صوت عند ظهورها على الشاشة لتسهيل التصفح.
147	Private School Admissions Tangier 2026–2027 | Les Lumières	التسجيل بمدرسة خصوصية طنجة 2026–2027 | الأنوار
148	Enrol your child at Les Lumières, a private school in Tangier. Admissions 2026-2027 are open: online form, WhatsApp or a visit. Quick reply.	سجّل طفلك في مدارس الأنوار، مدرسة خصوصية في طنجة. التسجيل لموسم 2026-2027 مفتوح: استمارة على الإنترنت أو واتساب أو زيارة. رد سريع.
149	Tangier school admissions	التسجيل بالمدارس بطنجة
150	enrol child private school Tangier	تسجيل طفل بمدرسة خصوصية طنجة
151	Through WhatsApp or the form below.	عبر واتساب أو الاستمارة أدناه.
152	We call you back	نتصل بك
153	To answer all your questions.	للإجابة عن جميع أسئلتك.
154	Visit the school	زر المدرسة
155	Meet the teaching team in person.	تعرف على الفريق التربوي داخل المؤسسة.
156	Complete enrolment	أكمل التسجيل
157	And secure your child's place.	واحجز مقعد طفلك.
158	Copy of the child's birth certificate	نسخة من عقد ازدياد الطفل
159	Copies of parents' national identity cards	نسخ من بطاقات التعريف الوطنية للأبوين
160	School reports from the previous year	البيانات المدرسية للسنة السابقة
161	Four recent identity photos	أربع صور شخصية حديثة
162	School attendance or leaving certificate	شهادة مدرسية أو شهادة المغادرة
163	Health / vaccination record	الدفتر الصحي / التلقيح
164	2026–2027 Admissions — Join Groupe Scolaire Les Lumières	التسجيل 2026–2027 — انضم إلى مجموعة مدارس الأنوار
165	Admissions open for the 2026–2027 school year. Limited places — enquire today.	التسجيل مفتوح للموسم الدراسي 2026–2027. المقاعد محدودة — تواصل معنا اليوم.
166	Parents and pupils during admissions at Les Lumières in Tangier	أسر ومتعلمون أثناء التسجيل بمدارس الأنوار بطنجة
167	Limited places	المقاعد محدودة
168	Three ways to reach us	ثلاث طرق للتواصل معنا
169	Start your child's enrolment in a few minutes	ابدأ تسجيل طفلك في دقائق
170	Choose the channel that suits you — we respond promptly.	اختر وسيلة التواصل المناسبة لك — نجيبك سريعاً.
171	Hello, I would like to enrol my child at Groupe Scolaire Les Lumières for 2026–2027.	مرحباً، أود تسجيل طفلي بمجموعة مدارس الأنوار للموسم 2026–2027.
172	The fastest way	الطريقة الأسرع
173	By phone	عبر الهاتف
174	Monday to Saturday	من الاثنين إلى السبت
175	Online form	استمارة إلكترونية
176	Complete the form below	املأ الاستمارة أدناه
177	Four required fields	أربعة حقول إلزامية
178	Admission enquiry	طلب التسجيل
179	Pre-enrolment form	استمارة التسجيل الأولي
180	Prepare your enquiry below, then send it through WhatsApp.	حضر طلبك أدناه، ثم أرسله عبر واتساب.
181	How it works	كيف يتم التسجيل
182	Enrolment steps	مراحل التسجيل
183	Required documents	الوثائق المطلوبة
184	Useful information	معلومات مفيدة
185	Admissions FAQ	أسئلة شائعة حول التسجيل
186	private high school Tangier	ثانوية خصوصية طنجة
187	high school education Tangier	التعليم الثانوي طنجة
188	excellence scholarship Tangier	منحة التميز طنجة
189	private preschool Tangier	تعليم أولي خصوصي طنجة
190	Val Fleuri preschool	تعليم أولي فال فلوري
191	Montessori Tangier	مونتيسوري طنجة
192	Legal Notice | Groupe Scolaire Les Lumières Tangier	البيانات القانونية | مجموعة مدارس الأنوار طنجة
193	Legal information for the Les Lumières Tangier website: publisher, hosting, intellectual property and personal data.	البيانات القانونية لموقع الأنوار طنجة: الناشر والاستضافة والملكية الفكرية والبيانات الشخصية.
194	Legal Notice	البيانات القانونية
195	Groupe Scolaire Les Lumières in Tangier	مجموعة مدارس الأنوار بطنجة
196	Legal notice	البيانات القانونية
197	Website publisher	ناشر الموقع
198	This website is published by	ينشر هذا الموقع من طرف
199	), a private educational institution located at	)، وهي مؤسسة تعليم خصوصي تقع في
200	Publication director:	مدير النشر:
201	Phone:	الهاتف:
202	Email:	البريد الإلكتروني:
203	Website:	الموقع الإلكتروني:
204	Hosting	الاستضافة
205	The website is hosted on Vercel. Service information:	الموقع مستضاف على Vercel. معلومات الخدمة:
206	vercel.com	vercel.com
207	Intellectual property	الملكية الفكرية
208	All content on this website (text, images, logos and graphics) belongs to	جميع محتويات هذا الموقع من نصوص وصور وشعارات ورسومات تعود ملكيتها إلى
209	, unless otherwise stated. Reproduction, display or distribution, in whole or in part, requires prior written permission.	، ما لم يذكر خلاف ذلك. ويمنع نسخها أو عرضها أو توزيعها كلياً أو جزئياً دون إذن كتابي مسبق.
210	Personal data	البيانات الشخصية
211	The forms prepare your message in your browser. The website does not store it in a database. Opening WhatsApp shares the prepared text with that service; the school receives your enquiry only when you press Send in WhatsApp. Information received is used to respond to your contact or admission enquiry. Do not include identity documents or medical information in your message.	تحضر الاستمارات رسالتك داخل المتصفح، ولا يخزنها الموقع في قاعدة بيانات. عند فتح واتساب تشارك النص المحضر مع هذه الخدمة، ولا تتوصل المدرسة بطلبك إلا بعد الضغط على إرسال في واتساب. تستخدم المعلومات المتوصل بها للرد على طلب التواصل أو التسجيل. يرجى عدم إضافة وثائق الهوية أو معلومات طبية إلى رسالتك.
212	For questions about your information, or to request correction or deletion, contact the school at	لأي سؤال حول معلوماتك أو لطلب تصحيحها أو حذفها، تواصل مع المدرسة عبر
213	. Using WhatsApp is also subject to its own	. يخضع استخدام واتساب أيضاً إلى
214	privacy policy	سياسة الخصوصية الخاصة به
215	Cookies and analytics	ملفات الارتباط وقياس الزيارات
216	This website currently includes neither Google Analytics nor advertising pixels. External services you choose to open (WhatsApp, social networks and Google Maps) apply their own privacy and cookie policies.	لا يتضمن الموقع حالياً Google Analytics أو أدوات تتبع إعلانية. وتطبق الخدمات الخارجية التي تختار فتحها، مثل واتساب والشبكات الاجتماعية وخرائط جوجل، سياسات الخصوصية وملفات الارتباط الخاصة بها.
217	External links	الروابط الخارجية
218	This website may link to third-party websites, including social networks and map services. The	قد يتضمن الموقع روابط لمواقع خارجية، كالشبكات الاجتماعية وخدمات الخرائط. إن
219	is not responsible for the content of these external websites.	غير مسؤولة عن محتوى هذه المواقع الخارجية.
220	A Message from Director Ahmed ABBOU | Les Lumières Tangier	كلمة المدير أحمد عبو | الأنوار طنجة
221	A message from Ahmed ABBOU, director of Groupe Scolaire Les Lumières in Tangier: our vision for excellence and the wellbeing of every pupil.	كلمة السيد أحمد عبو، مدير مجموعة مدارس الأنوار بطنجة: رؤيتنا للتميز ولتفتح كل تلميذ وتلميذة.
222	Ahmed ABBOU director	أحمد عبو مدير
223	Les Lumières director's message	كلمة مدير مدارس الأنوار
224	Tangier school director	مدير مدرسة طنجة
225	A Message from the Director — Ahmed ABBOU	كلمة المدير — أحمد عبو
226	“Our school, your trust” — a commitment we honour every day.	«مدرستنا، ثقتكم» — التزام نحرص عليه كل يوم.
227	Director of Groupe Scolaire Les Lumières in Tangier	مدير مجموعة مدارس الأنوار بطنجة
228	Our school	المدرسة
229	Director's message	كلمة المدير
230	Portrait of Ahmed ABBOU, director of Groupe Scolaire Les Lumières	صورة أحمد عبو، مدير مجموعة مدارس الأنوار
231	Ahmed ABBOU	أحمد عبو
232	Director and Founder	المدير والمؤسس
233	Dear parents and visitors,	أعزائي الآباء والأمهات والزوار،
234	It is with great pride that I welcome you to Groupe Scolaire Les Lumières. Since its foundation in 2004, our school has pursued a clear mission: to offer every child a reassuring, stimulating and ambitious environment in which to learn, grow and flourish with confidence.	بكل فخر أرحب بكم في مجموعة مدارس الأنوار. منذ تأسيسها سنة 2004، وضعت مؤسستنا نصب أعينها مهمة واضحة: توفير بيئة مطمئنة ومحفزة وطموحة لكل طفل، ليتعلم وينمو ويتطور بثقة.
235	Our educational project is built on project-based learning and a skills-based approach. We go beyond sharing knowledge to nurture curious, independent and responsible minds. Trilingual education — French as the main teaching language, Arabic from the first preschool year and English from the final preschool year — and Singapore Maths give our pupils strong, lasting foundations.	يقوم مشروعنا التربوي على بيداغوجيا المشروع والمقاربة بالكفايات. لا نكتفي بنقل المعارف، بل ننمي عقولاً فضولية ومستقلة ومسؤولة. ويمنح التعليم بثلاث لغات، بالفرنسية لغة أساسية والعربية منذ القسم الصغير والإنجليزية منذ القسم الكبير، إلى جانب رياضيات سنغافورة، متعلمينا أسساً متينة ودائمة.
236	A school is more than its curriculum. At Les Lumières, school life includes theatre, music, choir, cinema club and visual arts. Throughout the year, pupils take part in cross-country races, spring celebrations, carnival and school fairs, building teamwork, creativity and the joy of learning together.	المدرسة أكثر من مجرد برامج. ففي الأنوار، تزخر الحياة المدرسية بالمسرح والموسيقى والجوقة ونادي السينما والفنون التشكيلية. ويشارك متعلمونا طوال السنة في العدو الريفي وحفل الربيع والكرنفال والاحتفالات، لتنمية روح الفريق والإبداع ومتعة التعلم المشترك.
237	Our vision looks to the future: preparing confident, ambitious global citizens who can succeed at high school and in higher education while remaining true to their values. We share this commitment with you, the parents, our closest partners.	تتجه رؤيتنا نحو المستقبل: إعداد مواطنين منفتحين على العالم، واثقين وطموحين، قادرين على النجاح في التعليم الثانوي والعالي مع التشبث بقيمهم. ونتقاسم هذا الالتزام معكم، أيها الآباء والأمهات، شركاءنا الأوائل.
238	I invite you to meet us, visit our school and discover the dedicated team supporting your children every day.	أدعوكم إلى لقائنا وزيارة مؤسستنا والتعرف على الفريق الشغوف الذي يرافق أبناءكم كل يوم.
239	Director and Founder of Groupe Scolaire Les Lumières	مدير ومؤسس مجموعة مدارس الأنوار
240	Come and meet us	تفضلوا بزيارتنا
241	Nothing replaces a visit. Contact us to arrange an appointment and discover our school.	لا شيء يعوض الزيارة. تواصل معنا لتحديد موعد واكتشاف مدرستنا.
242	Contact us on WhatsApp	تواصل معنا عبر واتساب
243	Results and Achievements | Les Lumières Tangier	النتائج والإنجازات | الأنوار طنجة
244	Results and achievements at Groupe Scolaire Les Lumières in Tangier: high school success, Cambridge certificates, awards and excellence grants.	نتائج ونجاحات مجموعة مدارس الأنوار بطنجة: النجاح في الثانوي، شهادات كامبريدج، جوائز ومنح التميز.
245	Tangier high school results	نتائج الثانوي طنجة
246	Tangier school pass rate	نسبة النجاح بمدارس طنجة
247	Les Lumières achievements	إنجازات الأنوار
248	High school pass rate	نسبة النجاح في الثانوي
249	Pupils with English qualifications	متعلمون حاصلون على شهادات الإنجليزية
250	Mathematics awards	تميز في الرياضيات
251	for outstanding pupils	للطلاب المتفوقين
252	Consistently high pass rates in high school examinations across all streams.	نسب نجاح مرتفعة ومستقرة في امتحانات الثانوي بمختلف الشعب.
253	Thorough preparation for Cambridge English Qualifications, with many pupils earning certificates.	إعداد متين لشهادات كامبريدج للإنجليزية، مع حصول العديد من المتعلمين على الشهادات.
254	Pupils recognised in the Ramadan Mathematics Olympiad and other competitions.	تتويج متعلمين في أولمبياد رمضان للرياضيات ومسابقات أخرى.
255	An Excellence Scholarship recognising outstanding pupils each year.	منحة تميز تكافئ المتعلمين المتفوقين كل سنة.
256	Guidance for further study in Morocco and abroad.	مواكبة التوجيه والدراسة العليا بالمغرب وخارجه.
257	Our Results and Achievements	نتائجنا وإنجازاتنا
258	Academic excellence supporting our pupils' futures.	التميز الدراسي في خدمة مستقبل متعلمينا.
259	Award-winning pupils at Les Lumières in Tangier	متعلمون متوجون بمدارس الأنوار بطنجة
260	Our results	نتائجنا
261	Our proud moments	مصادر فخرنا
262	Achievements that speak for themselves	إنجازات تتحدث عن نفسها
263	Detailed results by stream and year are available on request during your visit.	تتوفر النتائج المفصلة حسب الشعبة والسنة عند الطلب أثناء زيارتكم.
264	Our Teaching Team | Les Lumières Tangier	فريقنا التربوي | الأنوار طنجة
265	Meet the teaching team at Groupe Scolaire Les Lumières in Tangier: qualified, caring teachers working for every pupil’s success.	تعرّفوا على الفريق التربوي لمجموعة مدارس الأنوار بطنجة: أساتذة مؤهلون ومتفانون في خدمة نجاح كل تلميذ.
266	Tangier teaching team	فريق تربوي طنجة
267	Les Lumières teachers	أساتذة مدارس الأنوار
268	Tangier teachers	أساتذة طنجة
269	Academic leadership	إدارة الدراسات
270	Preschool team	فريق التعليم الأولي
271	Primary school team	فريق التعليم الابتدائي
272	Middle and high school team	فريق الإعدادي والثانوي
273	Administration team	الفريق الإداري
274	Our Teaching Team	فريقنا التربوي
275	Passionate, qualified and caring people committed to every pupil's success.	أطر شغوفة ومؤهلة ومهتمة، ملتزمة بنجاح كل متعلم.
276	Teaching team at Groupe Scolaire Les Lumières in Tangier	الفريق التربوي لمجموعة مدارس الأنوار بطنجة
277	Our team	فريقنا
278	The people behind Les Lumières	وجوه الأنوار
279	An experienced, dedicated team	فريق ذو خبرة وتفان
280	Our teachers are our strength: qualified, continually developing their skills and deeply committed to pupils' well-being.	قوتنا في أساتذتنا: مؤهلون ويطورون مهاراتهم باستمرار، وملتزمون بعمق بنمو المتعلمين وراحتهم.
281	{{0}} — {{1}} at Groupe Scolaire Les Lumières in Tangier	{{0}} — {{1}} بمجموعة مدارس الأنوار بطنجة
282	Come and meet our team	تعرف على فريقنا
283	Book a visit and speak with our teachers.	احجز زيارة وتحدث مع أساتذتنا.
284	Why Choose Les Lumières? | Private School in Tangier	لماذا تختار مدارس الأنوار؟ | مدرسة خصوصية في طنجة
285	7 reasons to choose Les Lumières in Tangier: 22 years of experience, a trilingual school, Cambridge Preparation, Singapore Maths and personal support.	7 أسباب لاختيار مدارس الأنوار بطنجة: 22 سنة من الخبرة، مدرسة بثلاث لغات، التحضير لكامبريدج، رياضيات سنغافورة ومواكبة شخصية.
286	best private school Tangier	أفضل مدرسة خصوصية طنجة
287	why Les Lumières	لماذا الأنوار
288	educational technology Tangier	تكنولوجيا التعليم طنجة
289	22 years of experience and trust	22 سنة من الخبرة والثقة
290	Founded in 2004, our school has supported thousands of pupils on their path to success. This longevity reflects families' continued trust and our constant pursuit of excellence.	منذ تأسيس مدرستنا سنة 2004، واكبنا آلاف المتعلمين في مسار النجاح. وتعكس هذه الاستمرارية ثقة الأسر المتجددة وسعينا الدائم إلى التميز.
291	Trilingual education from preschool	تعليم بثلاث لغات منذ التعليم الأولي
292	French is the main teaching language, Arabic is taught from the first preschool year, and English begins in the final preschool year for three hours a week.	الفرنسية هي لغة التدريس الأساسية، والعربية تدرس منذ القسم الصغير، وتبدأ الإنجليزية من القسم الكبير بمعدل ثلاث ساعات أسبوعياً.
293	Singapore Maths	طريقة سنغافورة في الرياضيات
294	We use Singapore Maths, an internationally recognised approach. Its concrete–pictorial–abstract progression develops reasoning and lasting understanding of concepts.	نعتمد طريقة سنغافورة المعترف بها دولياً. وينمي تدرجها من المحسوس إلى المصور ثم المجرد التفكير والفهم المستدام للمفاهيم.
295	Cambridge Preparation	التحضير لشهادات كامبريدج
296	Our pupils follow a Cambridge Preparation pathway towards internationally recognised Cambridge English Qualifications, supporting future study and career opportunities.	يتبع متعلمونا مسار تحضير لشهادات كامبريدج للإنجليزية المعترف بها دولياً، دعماً لدراستهم العليا وفرصهم المهنية المستقبلية.
297	Rich, varied extracurricular activities	أنشطة موازية غنية ومتنوعة
298	Theatre, the Albatros choir, visual arts, sport and school trips help pupils flourish beyond the classroom.	يسهم المسرح وجوقة ألباتروس والفنون والرياضة والرحلات في نمو المتعلمين خارج الفصل.
299	Caring guidance and personal support	تأطير بعناية ومواكبة فردية
300	Manageable class sizes, a committed teaching team and regular family communication give each pupil individual attention.	أعداد مناسبة داخل الفصول وفريق تربوي ملتزم وتواصل منتظم مع الأسر، لتوفير اهتمام فردي لكل متعلم.
301	From preschool to high school, in one place	من التعليم الأولي إلى الثانوي في مكان واحد
302	A complete, coherent school journey. Your child grows in a familiar environment with educational continuity that supports success.	مسار دراسي كامل ومتناسق. ينمو طفلك في بيئة مألوفة مع استمرارية تربوية تدعم نجاحه.
303	Why choose Groupe Scolaire Les Lumières in Tangier?	لماذا تختار مجموعة مدارس الأنوار بطنجة؟
304	Seven practical reasons families choose Les Lumières for private education in Tangier.	سبعة أسباب عملية تجعل الأسر تختار الأنوار للتعليم الخصوصي بطنجة.
305	Classroom with an interactive board at Les Lumières in Tangier	فصل مجهز بسبورة تفاعلية بمدارس الأنوار بطنجة
306	Why Les Lumières	لماذا الأنوار
307	What makes us different	ما يميزنا
308	Seven good reasons to trust us	سبعة أسباب للثقة بنا
309	Families trust us	أسر تثق بنا
310	What parents say	آراء الآباء والأمهات
311	Ready to join us? Contact us about enrolment	هل ترغب في الانضمام إلينا؟ تواصل معنا للتسجيل
312	private primary education Tangier	تعليم ابتدائي خصوصي طنجة
313	private primary school Tangier	مدرسة ابتدائية خصوصية طنجة
314	Singapore Maths Tangier	رياضيات سنغافورة طنجة
315	About Us | A School in Tangier since 2004	من نحن | مدرسة بطنجة منذ 2004
316	Groupe Scolaire Les Lumières, a trilingual private school founded in Tangier in 2004: 22 years of experience, from preschool to high school.	مجموعة مدارس الأنوار، مدرسة خصوصية بثلاث لغات تأسست بطنجة سنة 2004: 22 سنة من الخبرة، من التعليم الأولي إلى الثانوي.
317	private school Val Fleuri	مدرسة خصوصية فال فلوري
318	Les Lumières school history	تاريخ مدارس الأنوار
319	trilingual school Tangier 2004	مدرسة بثلاث لغات طنجة 2004
320	Tolerance and respect	التسامح والاحترام
321	An environment where every child is welcomed, heard and respected.	بيئة تستقبل كل طفل وتنصت إليه وتحترمه.
322	We develop pupils' ability to think and act independently.	ننمي قدرة المتعلمين على التفكير والتصرف باستقلالية.
323	Quality education	تعليم ذو جودة
324	Consistent academic expectations from preschool to high school.	متطلبات دراسية ثابتة من التعليم الأولي إلى الثانوي.
325	Personal development	النمو الشخصي
326	Balancing academic achievement and personal growth.	التوازن بين النجاح الدراسي والنمو الشخصي.
327	Groupe Scolaire Les Lumières — 22 Years of Education in Tangier	مجموعة مدارس الأنوار — 22 سنة من التعليم بطنجة
328	A trilingual private school supporting each pupil from preschool to high school in a reassuring, stimulating environment.	مدرسة خصوصية بثلاث لغات تواكب كل متعلم من الأولي إلى الثانوي في بيئة مطمئنة ومحفزة.
329	Groupe Scolaire Les Lumières building in Val Fleuri, Tangier	مبنى مجموعة مدارس الأنوار بفال فلوري، طنجة
330	About us	من نحن
331	Our story	قصتنا
332	Founded in Val Fleuri in 2004	تأسست بفال فلوري سنة 2004
333	Founded in 2004 in Tangier's Val Fleuri neighbourhood, Groupe Scolaire Les Lumières has built over two decades of experience in trilingual private education. Today, pupils attend from preschool to high school on the same campus, benefiting from valuable educational continuity.	تأسست مجموعة مدارس الأنوار سنة 2004 بحي فال فلوري بطنجة، وراكمت أكثر من عقدين من الخبرة في التعليم الخصوصي بثلاث لغات. وتستقبل اليوم المتعلمين من التعليم الأولي إلى الثانوي في مؤسسة واحدة، بما يضمن استمرارية تربوية ثمينة.
334	Our belief is simple: every child has a light within them, and school helps it shine. This is the meaning behind our name and our daily commitment.	قناعتنا بسيطة: يحمل كل طفل نوراً داخله، وعلى المدرسة أن تساعده على الإشراق. وهذا معنى اسمنا والتزامنا اليومي.
335	Playground at Groupe Scolaire Les Lumières in Tangier	ساحة مجموعة مدارس الأنوار بطنجة
336	Our mission	رسالتنا
337	Helping every pupil succeed	مواكبة كل متعلم نحو النجاح
338	“Supporting pupils from preschool to high school in a reassuring, welcoming environment.” This is our daily mission: putting pupils at the heart of our educational project and combining high expectations with care.	«مواكبة المتعلم من التعليم الأولي إلى الثانوي في بيئة مطمئنة ومريحة». هذه رسالتنا اليومية، بوضع المتعلم في قلب مشروعنا التربوي والجمع بين الطموح والعناية.
339	Our values	قيمنا
340	The principles that guide us	المبادئ التي توجهنا
341	Our educational philosophy	فلسفتنا التربوية
342	Our teaching combines project-based learning and a skills-based approach. Pupils learn to use knowledge in practical situations, work together, investigate and create. From preschool, Montessori-inspired teaching encourages independence and enjoyment in learning.	يجمع تعليمنا بين بيداغوجيا المشروع والمقاربة بالكفايات. يتعلم المتعلمون توظيف المعارف في مواقف عملية والتعاون والبحث والإبداع. ومنذ التعليم الأولي، تشجع البيداغوجيا المستلهمة من مونتيسوري الاستقلالية ومتعة التعلم.
343	In mathematics, we use the internationally recognised Singapore method to develop deep and lasting understanding of concepts.	في الرياضيات، نعتمد طريقة سنغافورة المعترف بها دولياً لتنمية فهم عميق ومستدام للمفاهيم.
344	A trilingual approach	مقاربة بثلاث لغات
345	French:	الفرنسية:
346	main teaching language for mathematics, physics, biology and computing.	لغة التدريس الأساسية للرياضيات والفيزياء والأحياء والمعلوميات.
347	Arabic:	العربية:
348	taught from the first preschool year.	تدرس منذ القسم الصغير.
349	English:	الإنجليزية:
350	from the final preschool year, three hours weekly, with Cambridge Preparation.	منذ القسم الكبير، ثلاث ساعات أسبوعياً، مع التحضير لكامبريدج.
351	This progressive immersion builds language confidence and an international outlook, supporting pupils' future education and careers.	ينمي هذا الانغماس التدريجي الثقة اللغوية والانفتاح على العالم، دعماً للدراسة المستقبلية والحياة المهنية.
352	Safe School Transport | Les Lumières Tangier	نقل مدرسي آمن | الأنوار طنجة
353	Safe school transport at Les Lumières. Modern vehicles, dedicated attendants and regular technical inspections in Tangier.	نقل مدرسي آمن بالأنوار: سيارات حديثة ومرافقون مخصصون وفحوص تقنية منتظمة بطنجة.
354	Tangier school transport	نقل مدرسي طنجة
355	safe school bus Tangier	حافلة مدرسية آمنة طنجة
356	Tangier school bus service	خدمة النقل المدرسي طنجة
357	Modern vehicles	سيارات حديثة
358	A comfortable, modern fleet with regular maintenance.	أسطول حديث ومريح يخضع لصيانة منتظمة.
359	Dedicated attendants	مرافقون مخصصون
360	A dedicated attendant looks after pupils on every journey.	يسهر مرافق مخصص على سلامة المتعلمين في كل رحلة.
361	Regular technical inspections	فحوص تقنية منتظمة
362	Frequent checks to maintain safety.	فحوص متكررة للحفاظ على السلامة.
363	Wide coverage	تغطية واسعة
364	Routes serving Tangier's main neighbourhoods.	مسارات تغطي الأحياء الرئيسية بطنجة.
365	Safe School Transport	نقل مدرسي آمن
366	Peace of mind for parents and safety for children: reliable transport for your child's school journey.	راحة للأسر وسلامة للأطفال: نقل موثوق يرافق طفلك في رحلته المدرسية.
367	School bus at Groupe Scolaire Les Lumières in Tangier	حافلة النقل المدرسي لمجموعة مدارس الأنوار بطنجة
368	School transport	النقل المدرسي
369	Safety first	السلامة أولاً
370	Transport designed for families' peace of mind	نقل يوفر الطمأنينة للأسر
371	Groupe Scolaire Les Lumières offers families safe, reliable school transport. Our modern fleet is driven by experienced drivers, with dedicated attendants looking after pupils between home and school in both directions.	توفر مجموعة مدارس الأنوار للأسر خدمة نقل مدرسي آمنة وموثوقة. يقود أسطولنا الحديث سائقون متمرسون، ويرافقه طاقم مخصص يسهر على المتعلمين بين المنزل والمدرسة ذهاباً وإياباً.
372	Every vehicle undergoes regular technical inspections. Routes cover Tangier's main neighbourhoods, with schedules adapted to the school day.	تخضع كل سيارة لفحوص تقنية منتظمة. وتغطي المسارات الأحياء الرئيسية بطنجة، بمواعيد تلائم اليوم الدراسي.
373	Les Lumières school transport vehicle in Tangier	سيارة النقل المدرسي للأنوار بطنجة
374	Our commitments	التزاماتنا
375	Why parents trust us	لماذا تثق بنا الأسر
376	Contact us for routes and fees.	تواصل معنا لمعرفة المسارات والرسوم.
377	Need transport information?	هل تحتاج معلومات حول النقل؟
378	Contact us for available routes and arrangements.	تواصل معنا لمعرفة المسارات المتاحة وشروط الاستفادة.
379	Theatre workshop at Les Lumières in Tangier	ورشة مسرح بمدارس الأنوار بطنجة
380	Albatros choir rehearsal at Groupe Scolaire Les Lumières	تدريب جوقة ألباتروس بمجموعة مدارس الأنوار
381	Pupils taking part in sport at Les Lumières Tangier	متعلمون يمارسون نشاطاً رياضياً بالأنوار طنجة
382	Visual arts workshop at Groupe Scolaire Les Lumières	ورشة فنون تشكيلية بمجموعة مدارس الأنوار
383	Les Lumières pupils on a school trip in Tangier	متعلمو مدارس الأنوار في رحلة مدرسية بطنجة
384	Classroom life at Groupe Scolaire Les Lumières in Tangier	الحياة داخل الفصول بمجموعة مدارس الأنوار بطنجة
385	Our everyday life	حياتنا اليومية
386	School life at Les Lumières	الحياة المدرسية بالأنوار
387	Learning, creativity, sport and friendship: a rich daily experience where every pupil can flourish.	التعلم والإبداع والرياضة والصداقة: حياة يومية غنية ينمو فيها كل متعلم.
388	View the full gallery	شاهد المعرض كاملاً
389	Admissions open for 2026–2027 at Groupe Scolaire Les Lumières	التسجيل مفتوح 2026–2027 بمجموعة مدارس الأنوار
390	Admissions open 2026–2027	التسجيل مفتوح 2026–2027
391	Book an appointment, ask your questions or start a pre-enrolment enquiry. Our team guides parents through every step.	احجز موعداً أو اطرح أسئلتك أو ابدأ طلب التسجيل الأولي. يرافق فريقنا الأسر في كل خطوة.
392	Pre-enrolment	التسجيل الأولي
393	Quick form	استمارة سريعة
394	Hello, I would like information about 2026–2027 admissions at Groupe Scolaire Les Lumières.	مرحباً، أود الحصول على معلومات حول التسجيل للموسم 2026–2027 بمجموعة مدارس الأنوار.
395	Call	اتصل
396	Trilingual school	مدرسة بثلاث لغات
397	Modern teaching methods	طرق تدريس حديثة
398	Regular learning support	تتبع تربوي منتظم
399	Quality guidance	تأطير ذو جودة
400	Excellence in education	تميز تربوي
401	International outlook	انفتاح دولي
402	Pupils progress through Cambridge Preparation with goals aligned with Cambridge English Qualifications.	يتقدم المتعلمون في التحضير لكامبريدج وفق أهداف منسجمة مع شهادات كامبريدج للإنجليزية.
403	Structured English learning	تعلم منظم للإنجليزية
404	English begins in the final preschool year, followed by Cambridge Preparation with clear objectives at each school level.	تبدأ الإنجليزية في القسم الكبير، ثم يتعزز التحضير لكامبريدج بأهداف واضحة في كل سلك.
405	Speaking with confidence	الثقة في التعبير الشفهي
406	Regular practice helps pupils speak, listen and communicate more confidently.	تساعد الممارسة المنتظمة المتعلمين على التحدث والاستماع والتواصل بثقة أكبر.
407	Play the Cambridge interview with Simon	تشغيل مقابلة كامبريدج مع سيمون
408	Interview with Simon	مقابلة مع سيمون
409	A video perspective on the collaboration between Les Lumières and Cambridge.	شهادة بالفيديو حول التعاون بين الأنوار وكامبريدج.
410	Cambridge partnership	شراكة كامبريدج
411	An English pathway brought to life by the people behind it.	مسار حي للإنجليزية يقدمه المشرفون عليه.
412	The Cambridge collaboration is visible in everyday learning: progress, confidence, clear goals and an international outlook for pupils.	يتجسد التعاون مع كامبريدج في التعلم اليومي: التقدم والثقة والأهداف الواضحة والانفتاح الدولي للمتعلمين.
413	A first-hand perspective on the Cambridge experience at Groupe Scolaire Les Lumières.	شهادة مباشرة حول تجربة كامبريدج بمجموعة مدارس الأنوار.
414	Video interview with Simon	مقابلة مصورة مع سيمون
415	Explore the International Middle School	اكتشف الإعدادي الدولي
416	See where learning begins in preschool	اكتشف بداية التعلم في التعليم الأولي
417	A complete journey, from preschool to high school	مسار كامل من التعليم الأولي إلى الثانوي
418	Each school level has its own pace, expectations and support within the same school.	لكل سلك إيقاعه ومتطلباته ومواكبته داخل المؤسسة نفسها.
419	use client	use client
420	Since 2004	منذ 2004
421	A trilingual private school in Tangier, from preschool to high school, combining academic expectations with caring, regular support.	مدرسة خصوصية بثلاث لغات بطنجة، من الأولي إلى الثانوي، تجمع بين الطموح الدراسي والمواكبة الإنسانية المنتظمة.
422	2026–2027 Admissions	التسجيل 2026–2027
423	Hello, I would like to arrange a visit to Groupe Scolaire Les Lumières.	مرحباً، أود تحديد موعد لزيارة مجموعة مدارس الأنوار.
424	Book via WhatsApp	موعد عبر واتساب
425	French, Arabic and English	الفرنسية والعربية والإنجليزية
426	Singapore Maths and Cambridge	رياضيات سنغافورة وكامبريدج
427	Visits and admissions by appointment	الزيارات والتسجيل بموعد
428	Explore our school levels	اكتشف المستويات الدراسية
429	Welcome	مرحباً بكم
430	Groupe Scolaire Les Lumières, educational excellence in Tangier	مجموعة مدارس الأنوار، تميز تربوي بطنجة
431	The	إن
432	is a trilingual private school	هي مدرسة خصوصية بثلاث لغات
433	founded in 2004	تأسست سنة 2004
434	, located in	، وتقع في
435	Val Fleuri, Tangier	فال فلوري بطنجة
436	. The school welcomes pupils from	. تستقبل المؤسسة المتعلمين من
437	preschool to high school	التعليم الأولي إلى الثانوي
438	in an environment focused on ambition, stability and regular support.	في بيئة تعزز الطموح والاستقرار والتتبع المنتظم.
439	The school combines	تجمع المدرسة بين
440	French	الفرنسية
441	,	،
442	Arabic	العربية
443	and	و
444	English	الإنجليزية
445	, the	، و
446	Singapore method	طريقة سنغافورة
447	in mathematics, preparation for	في الرياضيات، والتحضير لـ
448	Cambridge English Qualifications	شهادات كامبريدج للإنجليزية
449	and a rich school life: theatre, choir, art, sport and school trips.	وحياة مدرسية غنية: المسرح والجوقة والفنون والرياضة والرحلات المدرسية.
450	Play the location video	تشغيل فيديو الموقع
451	A view of Val Fleuri and the school's immediate surroundings.	إطلالة على فال فلوري والمحيط المباشر للمدرسة.
452	An established school in Tangier	مدرسة راسخة بطنجة
453	Since 2004, Les Lumières has supported families with a stable, ambitious school environment attentive to every pupil.	منذ 2004، تواكب الأنوار الأسر ببيئة مدرسية مستقرة وطموحة تهتم بكل متعلم.
454	One school, from preschool to high school	مؤسسة واحدة من التعليم الأولي إلى الثانوي
455	A clear learning journey: discovery in preschool, strong primary foundations, international opportunities in middle school and guidance in high school.	مسار تعليمي واضح: اكتشاف في الأولي، وأسس متينة في الابتدائي، وانفتاح دولي في الإعدادي، وتوجيه في الثانوي.
456	French, Arabic and English with continuous progress	الفرنسية والعربية والإنجليزية بتدرج مستمر
457	English begins in the final preschool year, with progressive Cambridge Preparation in later school levels.	تبدأ الإنجليزية في القسم الكبير، مع تحضير تدريجي لكامبريدج في الأسلاك اللاحقة.
458	Admissions open for 2026–2027	التسجيل مفتوح للموسم 2026–2027
459	Families can request pre-enrolment, ask questions and plan a visit to confirm the appropriate level and available places.	يمكن للأسر طلب التسجيل الأولي وطرح الأسئلة وترتيب زيارة لتأكيد المستوى المناسب والمقاعد المتاحة.
460	A team available during the school week	فريق متاح خلال الأسبوع الدراسي
461	School hours: 08:45 to 12:30. For visits and admissions, call {{0}}.	التوقيت المدرسي: من 08:45 إلى 12:30. للزيارات والتسجيل، اتصل بـ {{0}}.
462	Key milestones	محطات أساسية
463	The essentials for families	ما يهم الأسر
464	Explore our history, learning pathway and practical school information at a glance.	تعرف باختصار على تاريخنا والمسار الدراسي والمعلومات العملية للمدرسة.
465	2026–2027 Pre-enrolment	التسجيل الأولي 2026–2027
466	Hello, I would like to know the dates and availability for enrolment at Groupe Scolaire Les Lumières.	مرحباً، أود معرفة مواعيد التسجيل والمقاعد المتاحة بمجموعة مدارس الأنوار.
467	Plan a visit	خطط لزيارة
468	Open the address	افتح العنوان
469	Available services	الخدمات المتاحة
470	Meals, transport and facilities for families	المطعم والنقل والتجهيزات في خدمة الأسر
471	Useful services that support your child's school day.	خدمات مفيدة تواكب اليوم الدراسي لطفلك.
472	Testimonials	شهادات الأسر
473	Families' trust is our greatest reward.	ثقة الأسر أجمل مكافأة لنا.
474	Go to testimonial group {{0}}	انتقل إلى مجموعة الشهادات {{0}}
475	Sport and teamwork	الرياضة وروح الفريق
476	Supervised activities developing energy, discipline and cooperation.	أنشطة مؤطرة تنمي الحيوية والانضباط والتعاون.
477	Cambridge on campus	كامبريدج داخل المؤسسة
478	A glimpse of the Cambridge visit and discussions about the English pathway.	لمحة عن زيارة كامبريدج والنقاش حول مسار الإنجليزية.
479	A message from the leadership	رسالة الإدارة
480	Sharing the school's vision and the year's achievements.	مشاركة رؤية المدرسة وإنجازات السنة.
481	School life	الحياة المدرسية
482	Discover Les Lumières in video	اكتشف أجواء الأنوار بالفيديو
483	Real moments from campus life, activities and our educational approach.	لحظات حقيقية من الحياة داخل المؤسسة والأنشطة والمقاربة التربوية.
484	Play the school uniform video	تشغيل فيديو الزي المدرسي
485	The Les Lumières identity is reflected in the details of everyday school life.	تنعكس هوية الأنوار في تفاصيل الحياة المدرسية اليومية.
486	Video	فيديو
487	View the complete gallery	شاهد المعرض كاملاً
488	Our strengths	نقاط قوتنا
489	Why choose Les Lumières?	لماذا تختار الأنوار؟
490	Over two decades of experience supporting every pupil's success and development.	أكثر من عقدين من الخبرة في خدمة نجاح كل متعلم ونموه.
491	Explore all the reasons	اكتشف جميع الأسباب
492	Preschool	التعليم الأولي
493	Primary school	التعليم الابتدائي
494	International Middle School	الإعدادي الدولي
495	High school	التعليم الثانوي
496	A trilingual private school in Tangier since 2004. From preschool to high school, we support every pupil's success and personal growth.	مدرسة خصوصية بثلاث لغات بطنجة منذ 2004. نواكب كل متعلم من الأولي إلى الثانوي نحو النجاح والنمو الشخصي.
497	Navigation	التصفح
498	Open Groupe Scolaire Les Lumières in Google Maps	افتح موقع مجموعة مدارس الأنوار في خرائط جوجل
499	Open in Maps	افتح في الخرائط
500	— Tangier, Morocco. All rights reserved.	— طنجة، المغرب. جميع الحقوق محفوظة.
501	Main navigation	التنقل الرئيسي
502	Contact us on WhatsApp	تواصل معنا عبر واتساب
503	Contact us	اتصل بنا
504	Open menu	فتح القائمة
505	Navigation menu	قائمة التنقل
506	Menu	القائمة
507	Close menu	إغلاق القائمة
508	Mobile navigation	قائمة الهاتف
509	Contact via WhatsApp	تواصل عبر واتساب
510	Breadcrumb	مسار التصفح
511	University of Cambridge	جامعة كامبريدج
512	2026–2027 admissions are open	التسجيل مفتوح للموسم 2026–2027
513	Limited places — book a visit or contact us today.	المقاعد محدودة — احجز زيارة أو تواصل معنا اليوم.
514	Call:	اتصل:
515	About this school level	تقديم السلك
516	Key strengths	نقاط القوة
517	Subjects and disciplines	المواد الدراسية
518	Teaching approach	البيداغوجيا
519	Our teaching methods	طرق التدريس
520	Languages taught	اللغات المدرسة
521	In pictures	بالصور
522	Testimonial	شهادة
523	Parents' voices	كلمة الأسر
524	Explore our other school levels	اكتشف أسلاكنا الأخرى
525	Hello, I would like information about {{0}} admissions at Groupe Scolaire Les Lumières.	مرحباً، أود معلومات حول التسجيل في {{0}} بمجموعة مدارس الأنوار.
526	Hello, I would like information about enrolment at Groupe Scolaire Les Lumières.	مرحباً، أود معلومات حول التسجيل بمجموعة مدارس الأنوار.
527	Hello, I would like to contact Groupe Scolaire Les Lumières.	مرحباً، أود التواصل مع مجموعة مدارس الأنوار.
528	Phone: {{0}}	الهاتف: {{0}}
529	Child's first name: {{0}}	الاسم الشخصي للطفل: {{0}}
530	Requested level: {{0}}	المستوى المطلوب: {{0}}
531	Prepare your enquiry, then send it to our team on WhatsApp. Fields marked * are required.	حضر طلبك، ثم أرسله إلى فريقنا عبر واتساب. الحقول المشار إليها بـ * إلزامية.
532	Parent's name *	اسم ولي الأمر *
533	Phone / WhatsApp *	الهاتف / واتساب *
534	Enter a valid phone number, including the country code if needed.	أدخل رقم هاتف صحيحاً، مع رمز البلد عند الحاجة.
535	Child's first name *	الاسم الشخصي للطفل *
536	Requested level *	المستوى المطلوب *
537	Choose a level…	اختر المستوى…
538	Email (optional)	البريد الإلكتروني (اختياري)
539	Message	الرسالة
540	Prepare my message	تحضير رسالتي
541	No enquiry is sent at this stage.	لا يرسل أي طلب في هذه المرحلة.
542	How your data is used	استخدام بياناتك
543	Your message is ready	رسالتك جاهزة
544	Review your enquiry, open WhatsApp, then press Send to deliver it to our team.	راجع طلبك، وافتح واتساب، ثم اضغط على إرسال لإيصاله إلى فريقنا.
545	Open WhatsApp	فتح واتساب
546	Edit my enquiry	تعديل طلبي
547	Your enquiry will only be received after you send it in WhatsApp.	لن نتوصل بطلبك إلا بعد إرساله في واتساب.
548	Filter the gallery	تصفية المعرض
549	Gallery preview	معاينة الصور
550	Previous image	الصورة السابقة
551	Next image	الصورة التالية
552	Play video	تشغيل الفيديو
553	Groupe Scolaire Les Lumières campus in Tangier	فضاءات مجموعة مدارس الأنوار بطنجة
554	Parent —	ولي أمر —
555	Our school, your trust	مدرستنا، ثقتكم
556	Ribh2, Avenue Moulay Rachid, Val Fleuri, 90060 Tangier, Morocco	ربح 2، شارع مولاي رشيد، فال فلوري، 90060 طنجة، المغرب
557	Ribh2, Avenue Moulay Rachid, Val Fleuri	ربح 2، شارع مولاي رشيد، فال فلوري
558	Tangier–Tetouan–Al Hoceima	طنجة تطوان الحسيمة
559	Morocco	المغرب
560	Hello, I would like information about admissions at Groupe Scolaire Les Lumières.	مرحباً، أود معلومات حول التسجيل بمجموعة مدارس الأنوار.
561	From 08:00 — please call for closing time	من 08:00 — يرجى الاتصال لتأكيد موعد الإغلاق
562	Closed	مغلق
563	Morning session	الفترة الصباحية
564	First preschool year (PS)	القسم الصغير (PS)
565	Second preschool year (MS)	القسم المتوسط (MS)
566	Final preschool year (GS)	القسم الكبير (GS)
567	Montessori-inspired discovery and progressive language learning	اكتشاف مستلهم من مونتيسوري وتعلم لغوي تدريجي
568	Preschool children in a discovery activity at Les Lumières Tangier	أطفال التعليم الأولي في نشاط اكتشافي بالأنوار طنجة
569	Montessori-inspired teaching	بيداغوجيا مونتيسوري
570	Discovery and social development	الاكتشاف والتنشئة الاجتماعية
571	Trilingual introduction	بداية بثلاث لغات
572	Singapore Maths and Cambridge Preparation	رياضيات سنغافورة والتحضير لكامبريدج
573	Primary pupils in class at Les Lumières private school in Tangier	متعلمو الابتدائي داخل الفصل بمدارس الأنوار الخصوصية بطنجة
574	Strong French foundations	أسس متينة في الفرنسية
575	Cambridge Preparation from CE1	التحضير لكامبريدج منذ CE1
576	Middle school	التعليم الإعدادي
577	First year of middle school (1AC)	الأولى إعدادي (1AC)
578	Cambridge Preparation and science laboratories	التحضير لكامبريدج ومختبرات العلوم
579	Middle school pupils in the science laboratory at Les Lumières Tangier	متعلمو الإعدادي بمختبر العلوم بالأنوار طنجة
580	Science laboratories	مختبرات العلوم
581	International programme	برنامج دولي
582	Common Core	الجذع المشترك
583	First Baccalaureate (Life Sciences / Maths / Economics)	الأولى باكالوريا (علوم الحياة والأرض / رياضيات / اقتصاد)
584	Second Baccalaureate (Physics / Life Sciences / Economics / Management)	الثانية باكالوريا (فيزياء / علوم الحياة والأرض / اقتصاد / تدبير محاسباتي)
585	High school pathways, Cambridge Preparation and excellence scholarships	مسارات الثانوي والتحضير لكامبريدج ومنح التميز
586	High school pupils preparing for exams at Les Lumières Tangier	متعلمو الثانوي يستعدون للامتحانات بالأنوار طنجة
587	Exam preparation	الاستعداد للامتحانات
588	Excellence scholarship	منحة التميز
589	Second year of middle school (2AC)	الثانية إعدادي (2AC)
590	Third year of middle school (3AC)	الثالثة إعدادي (3AC)
591	First Baccalaureate year	الأولى باكالوريا
592	Second Baccalaureate year	الثانية باكالوريا
593	{{0}} years of experience	{{0}} سنة من الخبرة
594	Over two decades of educational excellence in Tangier.	أكثر من عقدين من التميز التربوي بطنجة.
595	French as the main teaching language, Arabic from PS, English from GS with Cambridge Preparation.	الفرنسية لغة أساسية، والعربية منذ القسم الصغير، والإنجليزية منذ القسم الكبير مع التحضير لكامبريدج.
596	An internationally recognised approach to mathematics.	مقاربة معترف بها دولياً في تعليم الرياضيات.
597	A progressive pathway towards Cambridge English Qualifications.	مسار تدريجي نحو شهادات كامبريدج للإنجليزية.
598	Enriching activities	أنشطة غنية
599	Theatre, choir, art, sport and school trips.	المسرح والجوقة والفنون والرياضة والرحلات المدرسية.
600	Caring guidance	تأطير بعناية
601	Personal support for every pupil.	مواكبة فردية لكل متعلم.
602	Years of experience	سنوات الخبرة
603	School levels	أسلاك دراسية
604	Languages taught	لغات مدرسة
605	International qualifications	شهادات دولية
606	A professional teaching and administration team. You are my child's second family!	فريق تربوي وإداري مهني. أنتم العائلة الثانية لطفلي!
607	I warmly recommend this lovely school. My son enjoyed wonderful times here, and the educators are caring and qualified.	أوصي بهذه المدرسة الجميلة بكل ثقة. قضى ابني فيها أوقاتاً رائعة، والمربيات حنونات ومؤهلات.
608	A very good school run by professionals. Strong academic standards and happy children.	مدرسة جيدة جداً يديرها مهنيون. مستوى دراسي جيد وأطفال يشعرون بالسعادة.
609	A reassuring environment for my child's first steps. The educators are wonderful and very attentive.	بيئة مطمئنة لخطوات طفلي الأولى. المربيات رائعات وشديدات الاهتمام.
610	Singapore Maths transformed my son's progress in mathematics. I highly recommend it.	أحدثت طريقة سنغافورة تحولاً في مستوى ابني في الرياضيات. أوصي بها بشدة.
611	Cambridge Preparation gave my daughter real confidence in English. An excellent school.	منح التحضير لكامبريدج ابنتي ثقة حقيقية في الإنجليزية. مدرسة ممتازة.
612	Theatre and drama	المسرح والفن الدرامي
613	Expression, confidence and creativity on stage.	التعبير والثقة والإبداع على المسرح.
614	Music and Albatros Choir	الموسيقى وجوقة ألباتروس
615	Our Albatros choir brings every event to life.	تضفي جوقة ألباتروس الحيوية على كل مناسبة.
616	Visual arts and writing	الفنون التشكيلية والكتابة
617	Drawing, painting and creative writing workshops.	ورشات الرسم والتلوين والكتابة الإبداعية.
618	Sports competitions	منافسات رياضية
619	Football, athletics, cross-country and inter-class tournaments.	كرة القدم وألعاب القوى والعدو الريفي ودوريات بين الأقسام.
620	Three trips a year: regional, national and international.	ثلاث رحلات سنوياً: جهوية ووطنية ودولية.
621	Annual events	فعاليات سنوية
622	Carnival, spring celebrations, school fair and Olympiad.	الكرنفال وحفل الربيع والاحتفال المدرسي والأولمبياد.
623	Canteen service	خدمة المطعم
624	Balanced meals served on site in a supervised, friendly environment.	وجبات متوازنة داخل المؤسسة في أجواء مؤطرة وودية.
625	Transport available	نقل متاح
626	Safe school transport with dedicated attendants.	نقل مدرسي آمن مع مرافقين مخصصين.
627	Computer rooms, interactive boards and a science laboratory.	قاعات معلوميات وسبورات تفاعلية ومختبر علوم.
628	Trilingual Private Preschool in Tangier — PS, MS, GS	تعليم أولي خصوصي بثلاث لغات بطنجة — الصغير والمتوسط والكبير
629	Private Preschool in Tangier | Groupe Scolaire Les Lumières	تعليم أولي خصوصي بطنجة | مجموعة مدارس الأنوار
630	Trilingual private preschool in Tangier: PS, MS and GS. Montessori approach and early learning in a warm setting. Admissions 2026-2027.	روض خصوصي بثلاث لغات في طنجة: القسم الصغير والمتوسط والكبير. مقاربة مونتيسوري وتنمية في جو دافئ. التسجيل 2026-2027.
631	Your child's first steps in a warm, safe and stimulating environment, with French supporting learning, Arabic from PS and English from GS.	خطوات طفلك الأولى في بيئة دافئة وآمنة ومحفزة، حيث تؤطر الفرنسية التعلم، مع العربية منذ القسم الصغير والإنجليزية منذ القسم الكبير.
632	Les Lumières preschool welcomes children aged three to five in an environment that respects their pace and natural curiosity. Inspired by Montessori, children learn through hands-on activities, experimentation and play, supported by caring, experienced educators.	يستقبل التعليم الأولي بالأنوار الأطفال من 3 إلى 5 سنوات في بيئة تحترم إيقاعهم وفضولهم الطبيعي. واستلهاماً من مونتيسوري، يتعلم الطفل بالمناولة والتجريب واللعب، بمرافقة مربيات خبيرات ومهتمات.
633	From PS, children benefit from structured language discovery: French supports daily communication, Arabic starts in PS and English begins in GS for three hours a week. This progression develops listening, memory and language confidence throughout their school journey.	منذ القسم الصغير، يستفيد الطفل من اكتشاف لغوي منظم: الفرنسية للتواصل اليومي، والعربية منذ الصغير، والإنجليزية من الكبير بثلاث ساعات أسبوعياً. وينمي هذا التدرج السمع والذاكرة والثقة اللغوية طوال المسار الدراسي.
634	Small groups allow individual support: every child is observed, encouraged and valued. Les Lumières preschool in Val Fleuri, Tangier builds the foundations for confidence, independence and a love of learning.	تسمح المجموعات الصغيرة بمواكبة فردية: يلاحظ كل طفل ويشجع وتثمن جهوده. ويؤسس التعليم الأولي بالأنوار بفال فلوري بطنجة للثقة والاستقلالية وحب التعلم.
635	Age 3 — settling in, social development and sensory discovery.	3 سنوات — التكيف والتنشئة الاجتماعية والاكتشاف الحسي.
636	Age 4 — language, fine motor skills and early concepts.	4 سنوات — اللغة والمهارات الحركية الدقيقة والمفاهيم الأولى.
637	Age 5 — preparation for reading, writing and numeracy.	5 سنوات — الاستعداد للقراءة والكتابة والحساب.
638	Language discovery (three languages)	اكتشاف اللغة (ثلاث لغات)
639	Visual arts and creativity	الفنون التشكيلية والإبداع
640	Singing and movement	الغناء والتعبير الجسدي
641	Discovering numbers	اكتشاف الأعداد
642	Living together and independence	العيش المشترك والاستقلالية
643	Role play and motor skills	لعب الأدوار والمهارات الحركية
644	Age-appropriate sensory materials for learning through experience and developing independence.	وسائل حسية ملائمة للتعلم بالتجربة وتنمية الاستقلالية.
645	Learning through play	التعلم باللعب
646	Play drives learning: each activity has a clear educational purpose.	اللعب محرك للتعلم: لكل نشاط هدف تربوي واضح.
647	Trilingual discovery	اكتشاف بثلاث لغات
648	French as the main language, Arabic from PS and English from GS.	الفرنسية لغة أساسية، والعربية من القسم الصغير والإنجليزية من الكبير.
649	Main language for discovery and communication.	اللغة الأساسية للاكتشاف والتواصل.
650	From PS — songs, stories and vocabulary.	منذ القسم الصغير — أناشيد وقصص ومفردات.
651	From GS, three hours a week — spoken introduction and progressive Cambridge Preparation.	منذ القسم الكبير، ثلاث ساعات أسبوعياً — تمهيد شفهي وتحضير تدريجي لكامبريدج.
652	Small groups and individual support	مجموعات صغيرة ومواكبة فردية
653	Qualified, caring educators	مربيات مؤهلات ومهتمات
654	Safe spaces designed for young children	فضاءات آمنة ملائمة للصغار
655	Canteen and transport available	المطعم والنقل متاحان
656	Enrol my child in preschool	تسجيل طفلي في التعليم الأولي
657	Private Primary School in Tangier — CP to CE6	تعليم ابتدائي خصوصي بطنجة — من CP إلى CE6
658	Private Primary School in Tangier | Les Lumières	مدرسة ابتدائية خصوصية في طنجة | مدارس الأنوار
659	Private primary school in Tangier from CP to CE6. Singapore Maths, trilingual teaching and Cambridge Preparation at Groupe Scolaire Les Lumières.	تعليم ابتدائي خصوصي بطنجة من CP إلى CE6. رياضيات سنغافورة وتعليم بثلاث لغات وتحضير كامبريدج بمجموعة مدارس الأنوار.
660	Strong foundations in French, Arabic and English, with excellent mathematics learning through the Singapore method.	أسس متينة في الفرنسية والعربية والإنجليزية، وتعلم متميز للرياضيات بطريقة سنغافورة.
661	Primary school at Les Lumières, from CP to CE6, is a key stage in your child's journey. Here pupils build essential reading, writing, numeracy and reasoning skills. Our approach emphasises care, curiosity and self-confidence.	يشكل الابتدائي بالأنوار، من CP إلى CE6، مرحلة أساسية في مسار طفلك. هنا تبنى مهارات القراءة والكتابة والحساب والاستدلال، وفق مقاربة تركز على الدقة والفضول والثقة بالنفس.
662	In mathematics, we use the internationally recognised Singapore method. Its progression from concrete to abstract develops a deep understanding of concepts and a real enjoyment of problem-solving.	نعتمد في الرياضيات طريقة سنغافورة المعترف بها دولياً. ويطور تدرجها من المحسوس إلى المجرد فهماً عميقاً للمفاهيم ومتعة حقيقية في حل المسائل.
663	Teaching remains trilingual: French is the main teaching language, Arabic skills are strengthened, and English continues from GS for three hours a week with progressive Cambridge Preparation. Our primary school combines academic expectations with personal development.	يبقى التعليم بثلاث لغات: الفرنسية لغة أساسية، مع تعزيز العربية، واستمرار الإنجليزية منذ القسم الكبير بثلاث ساعات أسبوعياً وتحضير تدريجي لكامبريدج. يجمع ابتدائينا بين المتطلبات الدراسية والنمو الشخصي.
664	Learning to read and write.	تعلم القراءة والكتابة.
665	Strengthening foundations and growing independence.	ترسيخ الأسس وتنمية الاستقلالية.
666	Deeper learning and study methods.	تعميق التعلم وطرق العمل.
667	Preparing for middle school.	الاستعداد للانتقال إلى الإعدادي.
668	Mathematics (Singapore method)	الرياضيات (طريقة سنغافورة)
669	French, Arabic, English	الفرنسية والعربية والإنجليزية
670	Science and exploring the world	العلوم واكتشاف العالم
671	Visual arts	الفنون التشكيلية
672	Music and physical education	التربية الموسيقية والرياضية
673	A concrete–pictorial–abstract approach for lasting mathematics understanding.	مقاربة محسوسة ثم مصورة ثم مجردة لفهم مستدام للرياضيات.
674	Project-based learning	بيداغوجيا المشروع
675	Practical projects that make learning meaningful.	مشاريع عملية تمنح التعلم معنى.
676	Skills-based assessment	تقويم بالكفايات
677	Regular monitoring focused on each pupil's progress.	تتبع منتظم يركز على تقدم كل متعلم.
678	Main teaching language.	لغة التدريس الأساسية.
679	Structured, progressive teaching.	تعليم منظم ومتدرج.
680	Since GS, three hours a week — progressive Cambridge Preparation.	منذ القسم الكبير، ثلاث ساعات أسبوعياً — تحضير تدريجي لكامبريدج.
681	Singapore method for mathematics	طريقة سنغافورة في الرياضيات
682	Computer rooms and interactive boards	قاعات معلوميات وسبورات تفاعلية
683	Rich, varied extracurricular activities	أنشطة موازية غنية ومتنوعة
684	Enrol my child in primary school	تسجيل طفلي في الابتدائي
685	International Private Middle School in Tangier — 1AC, 2AC, 3AC	إعدادي دولي خصوصي بطنجة — الأولى والثانية والثالثة إعدادي
686	International Middle School in Tangier | Les Lumières	إعدادية خصوصية دولية في طنجة | مدارس الأنوار
687	International private middle school in Tangier. 1AC, 2AC and 3AC. Cambridge Preparation, science laboratories and trilingual teaching. Admissions open.	إعدادي دولي خصوصي بطنجة: الأولى والثانية والثالثة إعدادي. تحضير كامبريدج ومختبرات علوم وتعليم بثلاث لغات. التسجيل مفتوح.
688	A caring, ambitious international middle school preparing teenagers for high school and Cambridge qualifications.	إعدادي دولي طموح يهتم بالمتعلمين ويعد المراهقين للثانوي وشهادات كامبريدج.
689	Les Lumières International Middle School supports pupils from 1AC to 3AC through a pivotal stage of development. Our goal combines academic expectations, international opportunities and personal guidance.	يواكب الإعدادي الدولي بالأنوار المتعلمين من الأولى إلى الثالثة إعدادي خلال مرحلة محورية من نموهم. هدفنا الجمع بين المتطلبات الدراسية والانفتاح الدولي والتوجيه الفردي.
690	The programme adds an international dimension through Cambridge Preparation. Pupils benefit from modern science laboratories, computer rooms with interactive boards and a committed team encouraging critical thinking and independence.	يضيف البرنامج بعداً دولياً من خلال التحضير لكامبريدج. ويستفيد المتعلمون من مختبرات علوم حديثة وقاعات معلوميات بسبورات تفاعلية وفريق ملتزم بتنمية التفكير النقدي والاستقلالية.
691	Trilingual education grows in depth at middle school: French as the teaching language, advanced Arabic and stronger English for international qualifications. We develop curious, responsible and confident teenagers.	يتعمق التعليم بثلاث لغات في الإعدادي: إتقان الفرنسية لغة للتدريس، وتطوير العربية، وتعزيز الإنجليزية استعداداً للشهادات الدولية. نعد مراهقين فضوليين ومسؤولين وواثقين.
692	Transition from primary school and learning study methods.	الانتقال من الابتدائي وتعلم منهجية العمل.
693	Deeper learning and independent study.	تعميق التعلم والاستقلالية في العمل.
694	High school preparation and guidance.	الاستعداد للثانوي والتوجيه.
695	Mathematics	الرياضيات
696	History, geography and citizenship	التاريخ والجغرافيا والتربية على المواطنة
697	An enriched curriculum promoting openness and excellence.	منهاج غني يعزز الانفتاح والتميز.
698	Regular preparation for Cambridge English Qualifications.	تدريب منتظم لشهادات كامبريدج للإنجليزية.
699	Practical laboratory work	أعمال تطبيقية
700	Science laboratories for learning through experiments.	مختبرات علوم للتعلم بالتجريب.
701	Teaching language for scientific subjects.	لغة تدريس المواد العلمية.
702	Advanced language and literature learning.	تطوير المهارات اللغوية والأدبية.
703	Further development and Cambridge Preparation.	تعزيز المستوى والتحضير لكامبريدج.
704	Science laboratories and ICT rooms	مختبرات علوم وقاعات تكنولوجيا المعلومات
705	Close support for teenagers	مواكبة قريبة للمراهقين
706	International outlook and educational projects	انفتاح دولي ومشاريع تربوية
707	Enrol my child in middle school	تسجيل طفلي في الإعدادي
708	Private High School in Tangier — Common Core to Baccalaureate	ثانوي خصوصي بطنجة — من الجذع المشترك إلى الباكالوريا
709	Private High School in Tangier | Les Lumières	ثانوية خصوصية في طنجة | مدارس الأنوار
710	Private high school in Tangier. Common Core, first and second Baccalaureate years in science, economics and management. Cambridge Preparation and excellence scholarships.	ثانوي خصوصي بطنجة. الجذع المشترك والأولى والثانية باكالوريا في العلوم والاقتصاد والتدبير. تحضير كامبريدج ومنح التميز.
711	From Common Core to the final Baccalaureate year, we prepare each pupil for exams and help them plan their future.	من الجذع المشترك إلى الثانية باكالوريا، نعد كل متعلم للامتحانات ونساعده على بناء مشروع مستقبله.
712	Les Lumières High School guides pupils from Common Core to the final Baccalaureate year with one goal: every pupil's success. We combine academic expectations, personal support and active guidance towards higher education.	يواكب ثانوي الأنوار المتعلمين من الجذع المشترك إلى الثانية باكالوريا بهدف واحد: نجاح الجميع. نجمع بين المتطلبات الدراسية والمواكبة الفردية والتوجيه الفعال نحو التعليم العالي.
713	Pupils choose from Life and Earth Sciences, Physics and Chemistry, Mathematical Sciences, Economics and Accounting Management. Each stream includes close monitoring, regular supervised assessments and focused exam preparation.	يختار المتعلمون بين علوم الحياة والأرض والفيزياء والكيمياء والعلوم الرياضية والعلوم الاقتصادية وعلوم التدبير المحاسباتي. تستفيد كل شعبة من تتبع دقيق وفروض محروسة منتظمة وإعداد مكثف للامتحانات.
714	Beyond exam results, the school recognises outstanding pupils through an Excellence Scholarship and continues Cambridge Preparation. We prepare confident, ambitious graduates ready for higher education.	إلى جانب النتائج، تثمن المدرسة التفوق بمنحة التميز وتواصل التحضير لكامبريدج. نعد حاصلين على الباكالوريا واثقين وطموحين ومستعدين للتعليم العالي.
715	A year of consolidation and guidance.	سنة لترسيخ المكتسبات والتوجيه.
716	Streams: Life Sciences, Mathematical Sciences and Economics.	الشعب: علوم الحياة والأرض والعلوم الرياضية والعلوم الاقتصادية.
717	Streams: Physics, Life Sciences, Economics and Management — final exam preparation.	الشعب: الفيزياء وعلوم الحياة والأرض والاقتصاد والتدبير — الاستعداد النهائي للامتحانات.
718	Economics and management	العلوم الاقتصادية والتدبير
719	Philosophy and humanities	الفلسفة والعلوم الإنسانية
720	Baccalaureate preparation	الاستعداد للباكالوريا
721	Supervised assessments, mock exams and targeted study methods.	فروض محروسة وامتحانات تجريبية ومنهجية عمل موجهة.
722	Active guidance	توجيه فعال
723	Support in choosing streams and higher education.	مواكبة اختيار الشعب والدراسات العليا.
724	Continued English development towards recognised international qualifications.	تعزيز مستمر للإنجليزية نحو شهادات دولية معترف بها.
725	Literature and Islamic education.	المواد الأدبية والتربية الإسلامية.
726	Continued Cambridge Preparation.	استمرار التحضير لكامبريدج.
727	Complete science and economics pathways	مسارات علمية واقتصادية متكاملة
728	Focused exam preparation	إعداد مكثف للامتحانات
729	Excellence scholarships for outstanding pupils	منح التميز للمتعلمين المتفوقين
730	Cambridge Preparation in high school	التحضير لكامبريدج في الثانوي
731	Enrol my child in high school	تسجيل طفلي في الثانوي
732	Which school levels does Les Lumières offer?	ما الأسلاك الدراسية التي تقدمها الأنوار؟
733	Les Lumières offers four complete levels: preschool (PS, MS, GS), primary (CP to CE6), International Middle School (1AC, 2AC, 3AC) and high school (Common Core, first and second Baccalaureate years). Your child follows a coherent journey from preschool to high school in one school in Tangier.	تقدم الأنوار أربعة أسلاك كاملة: الأولي (الصغير والمتوسط والكبير)، والابتدائي (CP إلى CE6)، والإعدادي الدولي (الأولى والثانية والثالثة)، والثانوي (الجذع المشترك والأولى والثانية باكالوريا). يتابع طفلك مساراً متناسقاً من الأولي إلى الثانوي داخل مؤسسة واحدة بطنجة.
734	Is the school trilingual? Which languages are taught?	هل المدرسة بثلاث لغات؟ وما اللغات المدرسة؟
735	Yes. French is the main teaching language for mathematics, science and computing. Arabic begins in PS, and English starts in GS for three hours weekly, followed by Cambridge Preparation.	نعم. الفرنسية لغة التدريس الأساسية للرياضيات والعلوم والمعلوميات. تبدأ العربية من القسم الصغير، والإنجليزية من القسم الكبير بثلاث ساعات أسبوعياً، مع التحضير لكامبريدج.
736	What is the Singapore method used in mathematics?	ما طريقة سنغافورة المعتمدة في الرياضيات؟
737	Singapore Maths is an internationally recognised teaching approach. Its concrete–pictorial–abstract progression builds deep conceptual understanding and enjoyment of problem-solving. Les Lumières uses it from primary school.	رياضيات سنغافورة مقاربة تربوية معترف بها دولياً. تعتمد التدرج من المحسوس إلى المصور ثم المجرد، لبناء فهم عميق للمفاهيم ومتعة حل المسائل. تطبقها الأنوار منذ التعليم الابتدائي.
738	Does the school prepare pupils for Cambridge English qualifications?	هل تعد المدرسة المتعلمين لشهادات كامبريدج للإنجليزية؟
739	Yes. Les Lumières prepares pupils for internationally recognised Cambridge English Qualifications. English begins in GS for three hours weekly, with Cambridge Preparation developing progressively through high school.	نعم. تعد الأنوار المتعلمين لشهادات كامبريدج للإنجليزية المعترف بها دولياً. تبدأ الإنجليزية من القسم الكبير بثلاث ساعات أسبوعياً، ويتطور التحضير لكامبريدج تدريجياً حتى الثانوي.
740	Which extracurricular activities are available?	ما الأنشطة الموازية المتاحة؟
741	Activities include theatre, Albatros choir, visual arts, creative writing, sport and three school trips a year: regional, national and international. The school also organises carnival, spring celebrations, a school fair and the Ramadan Mathematics Olympiad.	تشمل الأنشطة المسرح وجوقة ألباتروس والفنون والكتابة الإبداعية والرياضة وثلاث رحلات سنوياً: جهوية ووطنية ودولية. وتنظم المدرسة أيضاً الكرنفال وحفل الربيع والاحتفال المدرسي وأولمبياد رمضان للرياضيات.
742	How does enrolment work?	كيف يتم التسجيل؟
743	There are four steps: contact us on WhatsApp or prepare an enquiry through the form; we call you back to answer questions; visit the school and meet the team; then complete your child's enrolment. Admissions are open for 2026–2027.	يتم التسجيل في أربع مراحل: تواصل عبر واتساب أو حضر طلبك بالاستمارة؛ نتصل بك للإجابة عن أسئلتك؛ زر المدرسة وتعرف على الفريق؛ ثم أكمل تسجيل طفلك. التسجيل مفتوح للموسم 2026–2027.
744	Which documents are required for enrolment?	ما الوثائق المطلوبة للتسجيل؟
745	Prepare a copy of the child's birth certificate, copies of parents' identity cards, previous school reports, recent identity photos, an attendance or leaving certificate from the former school and a health/vaccination record. Our team guides you through each step.	جهز نسخة من عقد ازدياد الطفل، ونسخ بطاقات هوية الأبوين، والبيانات المدرسية السابقة، وصوراً شخصية حديثة، وشهادة مدرسية أو مغادرة من المؤسسة السابقة، والدفتر الصحي أو التلقيح. يرافقك فريقنا في كل خطوة.
746	Does the school provide transport?	هل توفر المدرسة خدمة النقل؟
747	Yes. Les Lumières provides school transport with modern vehicles, dedicated attendants and regular technical inspections to support your child's safety on journeys throughout Tangier.	نعم. توفر الأنوار نقلاً مدرسياً بسيارات حديثة ومرافقين مخصصين وفحوص تقنية منتظمة، دعماً لسلامة طفلك خلال التنقلات بطنجة.
748	Is there a canteen or meal service?	هل يوجد مطعم أو خدمة وجبات؟
749	Yes. The school offers balanced meals on site, with supervision at mealtimes and strict hygiene standards.	نعم. تقدم المدرسة وجبات متوازنة داخل المؤسسة مع التأطير أثناء الأكل واحترام شروط النظافة الصارمة.
750	What are the school hours?	ما التوقيت المدرسي؟
751	School hours are 08:45 to 12:30. For visits, admissions and administrative enquiries, call 0539 93 90 95 or contact us on WhatsApp.	التوقيت المدرسي من 08:45 إلى 12:30. للزيارات والتسجيل والمعلومات الإدارية، اتصل بـ 0539 93 90 95 أو تواصل عبر واتساب.
752	How can I contact the school for more information?	كيف أتواصل مع المدرسة لمعلومات إضافية؟
753	Call 0539 93 90 95 or 0666 63 69 74, message +212 666 63 69 74 on WhatsApp, email leslumieres2021@gmail.com, or prepare a message using the website form. We respond promptly.	اتصل بـ 0539 93 90 95 أو 0666 63 69 74، أو راسل +212 666 63 69 74 عبر واتساب، أو أرسل إلى leslumieres2021@gmail.com، أو حضر رسالتك باستمارة الموقع. نجيب سريعاً.
754	Where exactly is the school in Tangier?	أين تقع المدرسة بالضبط في طنجة؟
755	Groupe Scolaire Les Lumières is at Ribh2, Avenue Moulay Rachid, Val Fleuri, 90060 Tangier, Morocco. The school is easily accessible and served by its school transport service.	تقع مجموعة مدارس الأنوار في ربح 2، شارع مولاي رشيد، حي فال فلوري، 90060 طنجة، المغرب. يسهل الوصول إلى المؤسسة وتخدمها شبكة النقل المدرسي الخاصة بها.
756	View of Les Lumières' façade in Tangier from the main street.	منظر واجهة الأنوار بطنجة من الشارع الرئيسي.
757	Aerial view of Val Fleuri and the location of Les Lumières in Tangier.	منظر جوي لفال فلوري وموقع الأنوار بطنجة.
758	A glimpse of the preschool space and welcoming school entrance.	لمحة عن فضاء التعليم الأولي ومدخل المدرسة المرحب.
759	Pupils in uniform at Groupe Scolaire Les Lumières.	متعلمون بالزي المدرسي داخل مجموعة مدارس الأنوار.
760	Discussion of the Cambridge partnership and the school's international outlook.	نقاش حول شراكة كامبريدج والانفتاح الدولي للمدرسة.
761	View of the façade and campus of Groupe Scolaire Les Lumières.	منظر واجهة وفضاءات مجموعة مدارس الأنوار.
762	Pupils taking part in a supervised sports activity at school.	متعلمون في نشاط رياضي مؤطر داخل المدرسة.
763	Details of the school uniform and Les Lumières visual identity.	تفاصيل الزي المدرسي والهوية البصرية للأنوار.
764	Video interview about the Cambridge collaboration at Les Lumières.	مقابلة مصورة حول التعاون مع كامبريدج بالأنوار.
765	A video message from the school leadership reflecting on a year of work and achievement.	رسالة مصورة من إدارة المؤسسة حول سنة دراسية من العمل والنجاح.
766	private school Tangier	مدرسة خصوصية طنجة
767	trilingual school Tangier	مدرسة بثلاث لغات طنجة
768	Trilingual private school in Tangier, Morocco, from preschool to high school. Founded in 2004. Singapore Maths, Cambridge English and extracurricular activities.	مدرسة خصوصية بثلاث لغات بطنجة، المغرب، من الأولي إلى الثانوي. تأسست سنة 2004. رياضيات سنغافورة وكامبريدج للإنجليزية وأنشطة موازية.
769	Primary school (CP to CE6)	الابتدائي (CP إلى CE6)
770	International Middle School (1AC–3AC)	الإعدادي الدولي (الأولى إلى الثالثة)
771	Middle School	التعليم الإعدادي
772	High school (Common Core to Baccalaureate)	الثانوي (الجذع المشترك إلى الباكالوريا)
773	High School	التعليم الثانوي
774	{{0}} at Groupe Scolaire Les Lumières, Tangier — photo {{1}}	{{0}} بمجموعة مدارس الأنوار بطنجة — صورة {{1}}
775	Preschool life	الحياة في التعليم الأولي
776	Primary school life	الحياة في الابتدائي
777	Middle school life	الحياة في الإعدادي
778	High school life	الحياة في الثانوي
779	Events	الفعاليات
780	School performance and event at Les Lumières	عرض وفعالية مدرسية بالأنوار
781	Certificate presentation to Les Lumières pupils	تسليم الشهادات لمتعلمي الأنوار
782	School project and shared moment at Les Lumières	مشروع مدرسي ولحظة مشاركة بالأنوار
783	Theatre workshop at Groupe Scolaire Les Lumières	ورشة مسرح بمجموعة مدارس الأنوار
784	Les Lumières pupils on a school trip	متعلمو الأنوار في رحلة مدرسسية
785	School trip and cultural discovery	رحلة مدرسية واكتشاف ثقافي
786	Supervised school excursion with Les Lumières	خرجة مدرسية مؤطرة مع الأنوار
787	Group of pupils on a school outing	مجموعة متعلمين أثناء خرجة مدرسية
788	Trilingual private school in Tangier	مدرسة خصوصية بثلاث لغات في طنجة
789	Admissions	التسجيل
790	Gallery	المعرض
791	Admissions 2026-2027 open	التسجيل مفتوح 2026-2027
792	Levels	المستويات
793	Curriculum	البرنامج
794	Trilingual	ثلاثي اللغة
795	Arabic	العربية
796	English	الإنجليزية
797	Contact us	اتصلوا بنا
798	Carnival & Fair	الكرنفال والحفل المدرسي
799	Cross-country	العدو الريفي
800	Science (Biology, Physics)	العلوم (علوم الحياة والأرض، الفيزياء)
801	Computing & laboratory	المعلوميات والمختبر
802	Address & opening hours	العنوان وأوقات العمل
803	All	الكل
804	School trips	الخرجات
805	Location	الموقع
806	Founded	التأسيس
807	Pathway	المسار
808	Languages	اللغات
809	Admissions	القبول
810	ICT & Laboratories	تكنولوجيا المعلومات والمختبرات
811	(optional)	(اختياري)
812	Physics-Chemistry & Biology	الفيزياء والكيمياء وعلوم الحياة والأرض
813	Languages (FR, AR, EN)	اللغات (الفرنسية، العربية، الإنجليزية)
814	Computing	المعلوميات
815	Legal information about the gsleslumieres.ma website.	المعلومات القانونية الخاصة بموقع gsleslumieres.ma.
816	Excellent	ممتازة
817	Olympiads	الأولمبياد
818	Scholarships	المنح
819	Academic coordination	التنسيق التربوي
820	Specialised early-years educators	مربيات متخصصات
821	Primary school teachers	أساتذة التعليم الابتدائي
822	Subject teachers	أساتذة المواد
823	Welcoming & supporting families	استقبال الأسر ومواكبتها
824	Computing (ICT)	المعلوميات (تكنولوجيا المعلومات)
825	Independence	الاستقلالية
826	Rating: {{0}} out of 5	التقييم: {{0}} من 5
